Errors,Id,IsActive,Pricebook2Id,Product2Id,ProductSellingModelId,UnitPrice
,01ual000000AJLHAA4,true,01sal000000LKpRAAW,01tal000000Vw1JAAS,0jPal00000001P7EAI,29
,01ual000000AJLIAA4,true,01sal000000LKpRAAW,01tal000000Vw1JAAS,0jPal00000001P9EAI,39
,01ual000000AJLJAA4,true,01sal000000LNfxAAG,01tal000000Vw1JAAS,0jPal00000001P7EAI,29
,01ual000000AJLKAA4,true,01sal000000LNfxAAG,01tal000000Vw1JAAS,0jPal00000001P9EAI,39
,01ual000000AJLLAA4,true,01sal000000LKpRAAW,01tal000000Vw1KAAS,0jPal00000001PBEAY,1499
,01ual000000AJLMAA4,true,01sal000000LKpRAAW,01tal000000Vw1LAAS,0jPal00000001PBEAY,3899
,01ual000000AJLNAA4,true,01sal000000LKpRAAW,01tal000000Vw1MAAS,0jPal00000001PBEAY,599
,01ual000000AJLOAA4,true,01sal000000LKpRAAW,01tal000000Vw1NAAS,0jPal00000001PBEAY,999
,01ual000000AJLPAA4,true,01sal000000LKpRAAW,01tal000000Vw1OAAS,0jPal00000001PBEAY,1199
,01ual000000AJLQAA4,true,01sal000000LKpRAAW,01tal000000Vw1PAAS,0jPal00000001PBEAY,1599
,01ual000000AJLRAA4,true,01sal000000LKpRAAW,01tal000000Vw1QAAS,0jPal00000001PBEAY,0
,01ual000000AJLSAA4,true,01sal000000LKpRAAW,01tal000000Vw1RAAS,0jPal00000001PBEAY,300
,01ual000000AJLTAA4,true,01sal000000LKpRAAW,01tal000000Vw1SAAS,0jPal00000001P8EAI,0
,01ual000000AJLUAA4,true,01sal000000LNfxAAG,01tal000000Vw1SAAS,0jPal00000001P8EAI,0
,01ual000000AJLVAA4,true,01sal000000LKpRAAW,01tal000000Vw1TAAS,0jPal00000001PBEAY,249
,01ual000000AJLWAA4,true,01sal000000LKpRAAW,01tal000000Vw1UAAS,0jPal00000001PBEAY,0
,01ual000000AJLXAA4,true,01sal000000LNfxAAG,01tal000000Vw1UAAS,0jPal00000001PBEAY,0
,01ual000000AJLYAA4,true,01sal000000LKpRAAW,01tal000000Vw1VAAS,0jPal00000001PBEAY,1699
,01ual000000AJLZAA4,true,01sal000000LKpRAAW,01tal000000Vw1WAAS,0jPal00000001P8EAI,0
,01ual000000AJLaAAO,true,01sal000000LNfxAAG,01tal000000Vw1WAAS,0jPal00000001P8EAI,0
,01ual000000AJLbAAO,true,01sal000000LKpRAAW,01tal000000Vw1XAAS,0jPal00000001PBEAY,2499
,01ual000000AJLcAAO,true,01sal000000LKpRAAW,01tal000000Vw1YAAS,0jPal00000001P8EAI,120000
,01ual000000AJLdAAO,true,01sal000000LNfxAAG,01tal000000Vw1YAAS,0jPal00000001P8EAI,120000
,01ual000000AJLeAAO,true,01sal000000LKpRAAW,01tal000000Vw1ZAAS,0jPal00000001PBEAY,1399
,01ual000000AJLfAAO,true,01sal000000LKpRAAW,01tal000000Vw1aAAC,0jPal00000001PBEAY,889
,01ual000000AJLgAAO,true,01sal000000LKpRAAW,01tal000000Vw1bAAC,0jPal00000001PBEAY,499
,01ual000000AJLhAAO,true,01sal000000LKpRAAW,01tal000000Vw1cAAC,0jPal00000001PBEAY,350
,01ual000000AJLiAAO,true,01sal000000LKpRAAW,01tal000000Vw1dAAC,0jPal00000001PBEAY,300
,01ual000000AJLjAAO,true,01sal000000LKpRAAW,01tal000000Vw1eAAC,0jPal00000001PBEAY,300
,01ual000000AJLkAAO,true,01sal000000LKpRAAW,01tal000000Vw1fAAC,0jPal00000001PBEAY,300
,01ual000000AJLlAAO,true,01sal000000LKpRAAW,01tal000000Vw1gAAC,0jPal00000001P8EAI,48000
,01ual000000AJLmAAO,true,01sal000000LKpRAAW,01tal000000Vw1gAAC,0jPal00000001P9EAI,5000
,01ual000000AJLnAAO,true,01sal000000LKpRAAW,01tal000000Vw1gAAC,0jPal00000001P7EAI,4500
,01ual000000AJLoAAO,true,01sal000000LKpRAAW,01tal000000Vw1hAAC,0jPal00000001P8EAI,0
,01ual000000AJLpAAO,true,01sal000000LKpRAAW,01tal000000Vw1iAAC,0jPal00000001PBEAY,799
,01ual000000AJLqAAO,true,01sal000000LKpRAAW,01tal000000Vw1jAAC,0jPal00000001PBEAY,399
,01ual000000AJLrAAO,true,01sal000000LKpRAAW,01tal000000Vw1kAAC,0jPal00000001PBEAY,1599
,01ual000000AJLsAAO,true,01sal000000LKpRAAW,01tal000000Vw1uAAC,0jPal00000001PBEAY,250
,01ual000000AJLtAAO,true,01sal000000LNfxAAG,01tal000000Vw1uAAC,0jPal00000001PBEAY,250
,01ual000000AJLuAAO,true,01sal000000LKpRAAW,01tal000000Vw23AAC,0jPal00000001P8EAI,30000
,01ual000000AJLvAAO,true,01sal000000LNfxAAG,01tal000000Vw23AAC,0jPal00000001P8EAI,30000
,01ual000000AJLwAAO,true,01sal000000LKpRAAW,01tal000000Vw28AAC,0jPal00000001P8EAI,25000
,01ual000000AJLxAAO,true,01sal000000LNfxAAG,01tal000000Vw28AAC,0jPal00000001P8EAI,25000
,01ual000000AJLyAAO,true,01sal000000LKpRAAW,01tal000000Vw2AAAS,0jPal00000001P8EAI,24000
,01ual000000AJLzAAO,true,01sal000000LNfxAAG,01tal000000Vw2AAAS,0jPal00000001P8EAI,24000
,01ual000000AJM0AAO,true,01sal000000LKpRAAW,01tal000000Vw2CAAS,0jPal00000001P8EAI,41250
,01ual000000AJM1AAO,true,01sal000000LNfxAAG,01tal000000Vw2CAAS,0jPal00000001P8EAI,41250
,01ual000000AJM2AAO,true,01sal000000LKpRAAW,01tal000000Vw2EAAS,0jPal00000001P8EAI,38000
,01ual000000AJM3AAO,true,01sal000000LNfxAAG,01tal000000Vw2EAAS,0jPal00000001P8EAI,38000
,01ual000000AJM4AAO,true,01sal000000LKpRAAW,01tal000000Vw2FAAS,0jPal00000001P8EAI,25
,01ual000000AJM5AAO,true,01sal000000LNfxAAG,01tal000000Vw2FAAS,0jPal00000001P8EAI,25
,01ual000000AJM6AAO,true,01sal000000LKpRAAW,01tal000000Vw2GAAS,0jPal00000001P8EAI,3240
,01ual000000AJM7AAO,true,01sal000000LNfxAAG,01tal000000Vw2GAAS,0jPal00000001P8EAI,3240
,01ual000000AJM8AAO,true,01sal000000LKpRAAW,01tal000000Vw2HAAS,0jPal00000001P8EAI,3240
,01ual000000AJM9AAO,true,01sal000000LNfxAAG,01tal000000Vw2HAAS,0jPal00000001P8EAI,3240
,01ual000000AJMAAA4,true,01sal000000LKpRAAW,01tal000000Vw2IAAS,0jPal00000001P8EAI,1450
,01ual000000AJMBAA4,true,01sal000000LNfxAAG,01tal000000Vw2IAAS,0jPal00000001P8EAI,1450
,01ual000000AJMCAA4,true,01sal000000LKpRAAW,01tal000000Vw2JAAS,0jPal00000001P8EAI,450
,01ual000000AJMDAA4,true,01sal000000LNfxAAG,01tal000000Vw2JAAS,0jPal00000001P8EAI,450
,01ual000000AJMEAA4,true,01sal000000LKpRAAW,01tal000000Vw2LAAS,0jPal00000001P8EAI,25000
,01ual000000AJMFAA4,true,01sal000000LNfxAAG,01tal000000Vw2LAAS,0jPal00000001P8EAI,25000
,01ual000000AJMGAA4,true,01sal000000LKpRAAW,01tal000000Vw2MAAS,0jPal00000001P8EAI,45
,01ual000000AJMHAA4,true,01sal000000LNfxAAG,01tal000000Vw2MAAS,0jPal00000001P8EAI,45
,01ual000000AJMIAA4,true,01sal000000LKpRAAW,01tal000000Vw2bAAC,0jPal00000001PBEAY,6500
,01ual000000AJMJAA4,true,01sal000000LNfxAAG,01tal000000Vw2bAAC,0jPal00000001PBEAY,6500
,01ual000000AJMKAA4,true,01sal000000LKpRAAW,01tal000000Vw2cAAC,0jPal00000001PBEAY,8500
,01ual000000ALmLAAW,true,01sal000000LNfxAAG,01tal000000Vw2cAAC,0jPal00000001PBEAY,8500
,01ual000000ALmMAAW,true,01sal000000LKpRAAW,01tal000000Vw2eAAC,0jPal00000001PBEAY,250
,01ual000000ALmNAAW,true,01sal000000LKpRAAW,01tal000000Vw2iAAC,0jPal00000001PBEAY,25000
,01ual000000ALmOAAW,true,01sal000000LKpRAAW,01tal000000Vw2kAAC,0jPal00000001PBEAY,350
,01ual000000ALmPAAW,true,01sal000000LKpRAAW,01tal000000Vw2lAAC,0jPal00000001PBEAY,500
,01ual000000ALmQAAW,true,01sal000000LKpRAAW,01tal000000Vw2mAAC,0jPal00000001PBEAY,300
